step,inacc_rate,loss_rate,hallucination_rate,miscalibration_rate,total_regret
100,0.9689076877411695,3.090384080629525,0.2966111111111111,0.0978019909771174,0.4558572612639522
200,0.919189670525379,2.444737750972212,0.18403703703703703,0.055334410685179775,0.15430078205014383
300,0.86271890768774,2.014938692868698,0.1507777777777778,0.04989138372476678,0.0960696091845537
400,0.813149302463637,1.7374140106202949,0.12085185185185185,0.06069524393905855,0.07186144714323076
500,0.7796823983377837,1.582198791370077,0.12890740740740741,0.05089524685596834,0.06465367679531944
